acronym,city_id,firstChar,name,pinyin,rank
as,151,A,鞍山,anshan,C
anqing,197,A,安庆,anqing,D
ay,238,A,安阳,anyang,D
anshun,324,A,安顺,anshun,E
ankang,359,A,安康,ankang,E
aq,588,A,安丘,anqiu,E
anyue,699,A,安岳,anyue,F
anlushi,1245,A,安陆市,anlushi,F
aks,394,A,阿克苏,akesu,F
anzhouqu,1212,A,安州区,anzhouqu,F
atushishi,1190,A,阿图什市,atushishi,F
aj,490,A,安吉,anji,F
als,150,A,阿拉善盟,alashanmeng,F
arongqi,1229,A,阿荣旗,arongqi,F
anping,807,A,安平,anping,F
anxi,844,A,安溪,anxi,F
anning,873,A,安宁,anning,F
anhua,1008,A,安化,anhua,F
alaer,1016,A,阿拉尔,alaer,F
anfu,1068,A,安福,anfu,F
aletaishi,1126,A,阿勒泰市,aletaishi,F
achengqu,1280,A,阿城区,achengqu,F
am,402,A,澳门,aomen,Z
alt,400,A,阿勒泰,aletai,Z
al,350,A,阿里,ali,Z
ab,319,A,阿坝,aba,Z
bj,1,B,北京,beijing,S
bt,140,B,包头,baotou,C
bd,84,B,保定,baoding,C
bengbu,88,B,蚌埠,bengbu,D
bozhou,204,B,亳州,bozhou,D
bz,233,B,滨州,binzhou,D
baoji,353,B,宝鸡,baoji,D
bc,167,B,白城,baicheng,E
hbbazhou,575,B,霸州,hbbazhou,E
byne,146,B,巴彦淖尔,bayannaoer,E
bh,292,B,北海,beihai,E
baise,297,B,百色,baise,E
bazhong,317,B,巴中,bazhong,E
bijie,327,B,毕节,bijiediqu,E
bs,332,B,保山,baoshan,E
benxi,153,B,本溪,benxi,E
by,363,B,白银,baiyin,E
baishan,165,B,白山,baishan,E
bishan,946,B,璧山,bishan,F
baiquanxian,1278,B,拜泉县,baiquanxian,F
baichengxian,1257,B,拜城县,baichengxian,F
baoying,602,B,宝应,baoying,F
beiliu,681,B,北流,beiliu,F
boai,698,B,博爱,boai,F
bachuxian,1237,B,巴楚县,bachuxian,F
baofeng,783,B,宝丰,baofeng,F
boxing,852,B,博兴,boxing,F
biyang,887,B,泌阳,biyang,F
binxian,915,B,彬州市,binzhoushi,F
bayanxian,1193,B,巴彦县,bayanxian,F
boshan,952,B,博山,boshan,F
binyang,994,B,宾阳,binyang,F
botou,1074,B,泊头市,botou,F
boluoxian,1098,B,博罗县,boluoxian,F
bobaixian,1102,B,博白县,bobaixian,F
beizhenshi,1141,B,北镇市,beizhenshi,F
beianshi,1165,B,北安市,beianshi,F
binhai,533,B,滨海,binhai,Z
beipei,731,B,北碚,beipei,Z
betl,392,B,博尔塔拉,boertala,Z
baz,393,B,巴州,bazhou,Z
cq,45,C,重庆,chongqing,A
cd,59,C,成都,chengdu,A
cz,89,C,常州,changzhou,B
chs,70,C,长沙,changsha,B
cc,116,C,长春,changchun,B
cangzhou,127,C,沧州,cangzhou,D
changzhi,131,C,长治,changzhi,D
chifeng,142,C,赤峰,chifeng,D
cixi,451,C,慈溪,cixi,D
chuzhou,199,C,滁州,chuzhou,D
changshu,422,C,常熟,changshu,D
changde,268,C,常德,changde,D
chengde,126,C,承德,chengde,D
chenzhou,271,C,郴州,chenzhou,D
chaozhou,287,C,潮州,chaozhou,E
conghua,421,C,从化,conghua,E
ch,202,C,巢湖,chaohu,E
cy,160,C,朝阳,chaoyang,E
chx,452,C,长兴,changxing,E
changyi,527,C,昌邑,changyi,E
cangnan,624,C,苍南,cangnan,E
cg,627,C,长葛,changge,E
chizhou,205,C,池州,chizhou,E
chengjiangxian,1205,C,澄江县,chengjiangxian,F
changle,463,C,长乐,changle,F
changji,391,C,昌吉,changji,F
cmx,1269,C,澄迈县,chengmaixian,F
chongzuo,301,C,崇左,chongzuo,F
cx,337,C,楚雄,chuxiong,F
cb,653,C,赤壁,chibi,F
ca,660,C,淳安,chunan,F
chengdexian,700,C,承德县,chengdexian,F
changlecl,737,C,昌乐,changlecl,F
caofeidian,746,C,曹妃甸,caofeidian,F
cixian,767,C,磁县,cixian,F
changyuan,795,C,长垣,changyuan,F
chengan,798,C,成安,chengan,F
changli,801,C,昌黎,changli,F
cenxi,811,C,岑溪,cenxi,F
chiping,877,C,茌平,chiping,F
caoxian,883,C,曹县,caoxian,F
chenggu,909,C,城固,chenggu,F
changting,954,C,长汀,changting,F
chaoan,970,C,潮安,chaoan,F
changshou,981,C,长寿,changshou,F
changshan,993,C,常山,changshan,F
chishui,1018,C,赤水,chishui,F
cili,1078,C,慈利,cili,F
changningshi,1092,C,常宁市,changningshi,F
chalingxian,1097,C,茶陵,chalingxian,F
changfengxian,1100,C,长丰县,changfengxian,F
cangxixian,1150,C,苍溪县,cangxixian,F
changqingqu,1157,C,长清区,changqingqu,F
chongmingqu,1164,C,崇明区,chongmingqu,F
chengwuxian,1201,C,成武县,chengwuxian,F
chongzhou,646,C,崇州,chongzhou,F
changdu,346,C,昌都,changdu,Z
dl,65,D,大连,dalian,B
dg,91,D,东莞,dongguan,B
dt,129,D,大同,datong,C
dq,90,D,大庆,daqing,C
dandong,154,D,丹东,dandong,D
dy,223,D,东营,dongying,D
dz,231,D,德州,dezhou,D
deyang,305,D,德阳,deyang,D
dazhou,315,D,达州,dazhou,D
dx,370,D,定西,dingxi,E
dengzhou,662,D,邓州,dengzhou,E
dongyang,455,D,东阳,dongyang,E
df,477,D,大丰,dafeng,E
dongtai,478,D,东台,dongtai,E
dengfeng,552,D,登封,dengfeng,E
danzhou,571,D,儋州,danzhou,E
djy,576,D,都江堰,dujiangyan,E
dsq,599,D,大石桥,dashiqiao,E
dali,341,D,大理,dali,E
danyang,431,D,丹阳,danyang,E
dangyang,491,D,当阳,dangyang,F
donggang,539,D,东港,donggang,F
dongkengzhen,1275,D,东坑镇,dongkengzhen,F
dingyuanxian,1242,D,定远县,dingyuanxian,F
dazuqu,1268,D,大足区,dazuqu,F
deqing,467,D,德清,deqing,F
daye,600,D,大冶,daye,F
dongxing,635,D,东兴,dongxing,F
dbs,642,D,调兵山,diaobingshan,F
dawuxia,1243,D,大悟县,dawuxia,F
dehuishi,1271,D,德惠市,dehuishi,F
datongshi,679,D,大通,datongshi,F
dongfang,686,D,东方,dongfang,F
dongping,738,D,东平,dongping,F
dianbai,750,D,电白,dianbai,F
donghai,754,D,东海,donghai,F
dingzhou,765,D,定州,dingzhou,F
dancheng,835,D,郸城,dancheng,F
dalixian,836,D,大荔,dalixian,F
dalateqi,874,D,达拉特旗,dalateqi,F
dazhu,910,D,大竹,dazhu,F
dawa,945,D,大洼,dawa,F
dayi,971,D,大邑,dayi,F
dangshan,974,D,砀山,dangshan,F
dunhua,978,D,敦化,dunhua,F
dongguang,999,D,东光,dongguang,F
daoxian,1035,D,道县,daoxian,F
daanshi,1076,D,大安市,daanshi,F
dinganxian,1168,D,定安县,dinganxian,F
dianjiang,1177,D,垫江,dianjiang,F
dongmingxian,1203,D,东明县,dongmingxian,F
dingtaoqu,1204,D,定陶区,dingtaoqu,F
dingbianxian,1208,D,定边县,dingbianxian,F
dachangzizhixian,1233,D,大厂回族自治县,dachangzizhixian,F
dengta,651,D,灯塔,dengta,F
dunhuang,434,D,敦煌,dunhuang,Z
diqing,344,D,迪庆,diqing,Z
dh,342,D,德宏,dehong,Z
dxal,178,D,大兴安岭,daxinganling,Z
erds,144,E,鄂尔多斯,eerduosi,E
ez,254,E,鄂州,ezhou,E
es,261,E,恩施,enshi,E
enping,989,E,恩平,enping,E
ems,417,E,峨眉山,emeishan,F
eminxian,1172,E,额敏县,eminxian,F
eegn,568,E,额尔古纳,eerguna,Z
fz,44,F,福州,fuzhou,B
fs,92,F,佛山,foshan,B
fy,200,F,阜阳,fuyang,D
fuz,220,F,抚州,fuzhoufz,D
fushun,152,F,抚顺,fushun,D
fx,156,F,阜新,fuxin,E
fl,427,F,涪陵,fuling,E
fuqing,462,F,福清,fuqing,E
fenghua,540,F,奉化,fenghua,E
fc,545,F,肥城,feicheng,E
fuyangfy,416,F,富阳,fuyangfy,E
fn,535,F,阜宁,funing,F
fcg,293,F,防城港,fangchenggang,F
fuminxian,1253,F,富民,fuminxian,F
fengcheng,665,F,凤城,fengcheng,F
fenyang,677,F,汾阳,fenyang,F
fukang,689,F,阜康,fukang,F
fch,735,F,丰城,fch,F
fanxian,742,F,范县,fanxian,F
fanchang,774,F,繁昌,fanchang,F
feixiang,792,F,肥乡区,feixiangqu,F
fengqiu,827,F,封丘,fengqiu,F
fufeng,861,F,扶风,fufeng,F
fh,480,F,凤凰,fenghuang,F
fusong,869,F,抚松,fusong,F
fushunxian,888,F,富顺,fushunxian,F
feixian,916,F,费县,feixian,F
fogang,921,F,佛冈,fogang,F
fengning,924,F,丰宁,fengning,F
fugou,937,F,扶沟,fugou,F
fengtai,980,F,凤台,fengtai,F
fengxin,1031,F,奉新,fengxin,F
fangcheng,1052,F,方城,fangcheng,F
fuyuanxian,1066,F,富源县,fuyuanxian,F
fenyi,1070,F,分宜,fenyi,F
fusuixian,1084,F,扶绥县,fusuixian,F
feixixian,1142,F,肥西县,feixixian,F
fanzhixian,1148,F,繁峙县,fanzhixian,F
fengxiangxian,1152,F,凤翔县,fengxiangxian,F
fuan,1195,F,福安,fuan,F
fudingshi,1202,F,福鼎市,fudingshi,F
fuguxian,1209,F,府谷县,fuguxian,F
fengjie,1230,F,奉节,fengjie,F
fengdu,1231,F,丰都,fengdu,F
feidongxian,1241,F,肥东县,feidongxian,F
fengxian,862,F,丰县,fengxian,F
gz,20,G,广州,guangzhou,A
gy,107,G,贵阳,guiyang,B
ganzhou,217,G,赣州,ganzhou,D
gg,295,G,贵港,guigang,D
gl,93,G,桂林,guilin,D
guangyuan,307,G,广元,guangyuan,E
ga,314,G,广安,guangan,E
gaozhou,631,G,高州,gaozhou,E
gbd,629,G,高碑店,gaobeidian,E
gm,589,G,高密,gaomi,E
gongyishi,553,G,巩义,gongyishi,E
gaoyou,521,G,高邮,gaoyou,E
gr,541,G,广饶,guangrao,F
guanxian,1274,G,固安县,guanxian,F
gp,570,G,桂平,guiping,F
gzl,581,G,公主岭,gongzhuling,F
guangshanxian,1239,G,光山县,guangshanxian,F
gh,593,G,广汉,guanghan,F
gc,595,G,藁城,gaocheng,F
gaoping,601,G,高平,gaoping,F
guangze,1174,G,光泽,guangze,F
gj,630,G,个旧,gejiu,F
gushixian,1104,G,固始县,gushixian,F
gaizhou,638,G,盖州,gaizhou,F
gujiao,691,G,古交,gujiao,F
geermu,702,G,格尔木,geermu,F
guyuan,385,G,固原,guyuan,F
guanyun,751,G,灌云,guanyun,F
guannan,752,G,灌南,guannan,F
ganyu,753,G,赣榆,ganyu,F
gaoan,771,G,高安,gaoan,F
guangde,780,G,广德,guangde,F
gongqingcheng,787,G,共青城,gongqingcheng,F
gaoyang,854,G,高阳,gaoyang,F
gaoling,866,G,高陵,gaoling,F
gongan,911,G,公安,gongan,F
gulangyu,933,G,鼓浪屿,gulangyu,Z
ganzi,320,G,甘孜,ganzi,Z
gn,373,G,甘南,gannan,Z
guoluo,379,G,果洛,guoluo,Z
gaoxiong,707,G,高雄,gaoxiong,Z
hz,50,H,杭州,hangzhou,A
hf,56,H,合肥,hefei,B
hrb,105,H,哈尔滨,haerbin,B
hy,265,H,衡阳,hengyang,C
hd,123,H,邯郸,handan,C
huizhou,281,H,惠州,huizhou,C
hu,139,H,呼和浩特,huhehaote,C
haikou,94,H,海口,haikou,C
huzhou,186,H,湖州,huzhou,C
ha,180,H,淮安,huaian,C
hn,193,H,淮南,huainan,D
heze,234,H,菏泽,heze,D
hshi,250,H,黄石,huangshi,D
hg,258,H,黄冈,huanggang,D
hh,273,H,怀化,huaihua,D
hs,128,H,衡水,hengshui,D
hld,95,H,葫芦岛,huludao,D
hc,299,H,河池,hechi,E
huangshan,198,H,黄山,huangshan,E
hlbe,145,H,呼伦贝尔,hulunbeier,E
heihe,176,H,黑河,heihe,E
hb,239,H,鹤壁,hebi,E
heyuan,284,H,河源,heyuan,E
hezhou,298,H,贺州,hezhou,E
hegang,170,H,鹤岗,hegang,E
honghe,338,H,红河,honghe,E
hanzhong,357,H,汉中,hanzhong,E
haining,424,H,海宁,haining,E
huidong,471,H,惠东,huidong,E
huiyang,472,H,惠阳,huiyang,E
haicheng,506,H,海城,haicheng,E
hm,519,H,海门,haimen,E
haiyang,573,H,海阳,haiyang,E
huaibei,195,H,淮北,huaibei,E
haian,623,H,海安,haian,E
huazhou,672,H,化州,huazhou,E
hechuan,732,H,合川,hechuan,E
hengdian,851,H,横店,hengdian,E
haidong,375,H,海东,haidong,F
heshan,504,H,鹤山,heshan,F
huadian,505,H,桦甸,huadian,F
huachuanxian,1221,H,桦川县,huachuanxian,F
huanglingxian,1206,H,黄陵县,huanglingxian,F
huayin,564,H,华阴,huayin,F
huanxian,1185,H,环县,huanxian,F
houma,579,H,侯马,houma,F
hejiangxian,1145,H,合江县,hejiangxian,F
hami,390,H,哈密,hami,F
huozhou,645,H,霍州,huozhou,F
huanghua,650,H,黄骅,huanghua,F
hailunshi,1130,H,海伦市,hailunshi,F
hl,685,H,海林,hailin,F
hannanqu,1124,H,汉南区,hannanqu,F
helanxian,1105,H,贺兰县,helanxian,F
haiyan,726,H,海盐,haiyan,F
hengshanqu,1234,H,横山区,hengshanqu,F
huaiyang,758,H,淮阳,huaiyang,F
hanyin,772,H,汉阴,hanyin,F
hanshan,793,H,含山,hanshan,F
hexian,794,H,和县,hexian,F
huxian,799,H,户县,huxian,F
huixian,800,H,辉县,huixian,F
huairen,806,H,怀仁市,huairenshi,F
huaxian,816,H,滑县,huaxian,F
huian,825,H,惠安,huian,F
hancheng,832,H,韩城,hancheng,F
huarong,8001,H,华容,huarong,F
huating,856,H,华亭市,huatingshi,F
hongtong,867,H,洪洞,hongtong,F
hekou,881,H,河口,hekou,F
huinan,894,H,辉南,huinan,F
honghu,928,H,洪湖,honghu,F
haicang,964,H,海沧,haicang,F
huoqiu,975,H,霍邱,huoqiu,F
hunchun,977,H,珲春,hunchun,F
huaining,1005,H,怀宁,huaining,F
huaiyuanxian,1042,H,怀远县,huaiyuanxian,F
huizexian,1065,H,会泽县,huizexian,F
hejianshi,1080,H,河间市,hejianshi,F
hepuxian,1086,H,合浦县,hepuxian,F
hengyangxian,1088,H,衡阳县,hengyangxian,F
hengshanxian,1090,H,衡山县,hengshanxian,F
hengdongxian,1091,H,衡东县,hengdongxian,F
huangchuanxian,1103,H,潢川县,huangchuanxian,F
hj,598,H,河津,hejin,F
hengchun,712,H,恒春,hengchun,Z
hualian,710,H,花莲,hualian,Z
ht,397,H,和田,hetian,Z
hx,381,H,海西,haixi,Z
hnz,378,H,海南州,hainanzhou,Z
huangnan,377,H,黄南,huangnan,Z
haibei,376,H,海北,haibei,Z
hk,118,H,香港,xianggang,Z
jn,96,J,济南,jinan,B
jining,225,J,济宁,jining,C
jiangyin,404,J,江阴,jiangyin,C
jl,161,J,吉林,jilin,C
jm,277,J,江门,jiangmen,C
jx,185,J,嘉兴,jiaxing,C
jh,188,J,金华,jinhua,C
jingzhou,257,J,荆州,jingzhou,C
jingmen,255,J,荆门,jingmen,D
jinzhou,98,J,锦州,jinzhou,D
jms,173,J,佳木斯,jiamusi,D
jy,288,J,揭阳,jieyang,D
jj,115,J,九江,jiujiang,D
jiaozuo,97,J,焦作,jiaozuo,D
jinjiang,420,J,晋江市,jinjiangshi,D
jincheng,132,J,晋城,jincheng,E
jz,134,J,晋中,jinzhong,E
jimo,664,J,即墨,jimo,E
jdz,213,J,景德镇,jingdezhen,E
jiangdu,948,J,江都,jiangdu,E
jq,368,J,酒泉,jiuquan,E
ja,218,J,吉安,jian,E
jixi,169,J,鸡西,jixi,E
jiyuan,249,J,济源,jiyuan,E
jingjiang,439,J,靖江,jingjiang,E
jintan,460,J,金坛,jintan,E
jiaozhou,583,J,胶州,jiaozhou,E
jr,515,J,句容,jurong,E
js,489,J,嘉善,jiashan,E
jiangyou,927,J,江油,jiangyou,F
jiangshan,510,J,江山,jiangshan,F
jianhu,536,J,建湖,jianhu,F
jinzhoushi,544,J,晋州,jinzhoushi,F
jiutai,1263,J,九台,jiutai,F
jd,594,J,建德,jiande,F
jianyang,605,J,简阳,jianyang,F
jiexiu,636,J,介休,jiexiu,F
jyg,409,J,嘉峪关,jiayuguan,F
jianshi,678,J,集安,jianshi,F
jingguxian,1252,J,景谷,jingguxian,F
jingxixian,1197,J,靖西市,jingxixian,F
jiaohe,725,J,蛟河,jiaohe,F
jianyangjy,756,J,建阳,jianyangjy,F
jiaxian,785,J,郏县,jiaxian,F
jintang,788,J,金堂,jintang,F
jianli,831,J,监利,jianli,F
jiangjin,871,J,江津,jiangjin,F
juye,882,J,巨野,juye,F
jiaxiang,899,J,嘉祥,jiaxiang,F
jinxiang,900,J,金乡,jinxiang,F
jinyun,913,J,缙云,jinyun,F
jingshan,918,J,京山市,jingshanshi,F
jinghexian,1194,J,精河县,jinghexian,F
junan,941,J,莒南,junan,F
jinchang,362,J,金昌,jinchang,F
jinhu,956,J,金湖,jinhu,F
jimei,963,J,集美,jimei,F
jinsha,1001,J,金沙,jinsha,F
jingxian,1003,J,泾县,jingxian,F
jianxian,1028,J,吉安县,jianxian,F
jishuixian,1029,J,吉水县,jishuixian,F
jiangchuanxian,1032,J,江川县,jiangchuanxian,F
jianghuayaozuziz,1038,J,江华瑶族自治县,jianghuayaozuzizhixian,F
jinningxian,1059,J,晋宁区,jinningqu,F
jiangyong,1061,J,江永,jiangyong,F
jianshuixian,1085,J,建水县,jianshuixian,F
juanchengxian,1134,J,鄄城县,juanchengxian,F
jingbian,1146,J,靖边,jingbian,F
jiayuxian,1153,J,嘉鱼县,jiayuxian,F
jzqixian,1188,J,祁县,jzqixian,F
jingdongyizuzizh,1279,J,景东彝族自治县,jingdongyizuzizhixian,F
jgs,485,J,井冈山,jinggangshan,Z
jiayi,719,J,嘉义市,jiayi,Z
jilong,715,J,基隆,jilong,Z
jzg,483,J,九寨沟,jiuzhaigou,Z
km,114,K,昆明,kunming,B
kunshan,403,K,昆山,kunshan,C
kaifeng,235,K,开封,kaifeng,D
klmy,388,K,克拉玛依,kelamayi,E
kaihua,990,K,开化,kaihua,E
kp,502,K,开平,kaiping,E
krl,603,K,库尔勒,kuerle,E
kaiyang,1002,K,开阳,kaiyang,F
kt,643,K,奎屯,kuitun,F
kangxian,1227,K,康县,kangxian,F
kaizhouqu,748,K,开州区,kaizhouqu,F
kenli,880,K,垦利,kenli,F
kuancheng,925,K,宽城,kuancheng,F
kuche,984,K,库车,kuche,F
kl,473,K,凯里,kaili,Z
ks,396,K,喀什地区,kashi,Z
kz,395,K,克州,kezhou,Z
kending,1238,K,垦丁,kending,Z
lyg,179,L,连云港,lianyungang,C
linyi,230,L,临沂,linyi,C
luoyang,236,L,洛阳,luoyang,C
liuzhou,290,L,柳州,liuzhou,C
lz,361,L,兰州,lanzhou,C
lc,232,L,聊城,liaocheng,D
lf,106,L,廊坊,langfang,D
liaoyang,157,L,辽阳,liaoyang,D
lishui,192,L,丽水,lishui,D
la,203,L,六安,liuan,D
ls,310,L,乐山,leshan,D
lasa,345,L,拉萨,lasa,D
ly,211,L,龙岩,longyan,D
linfen,137,L,临汾,linfen,D
linzhou,815,L,林州,linzhou,E
lb,300,L,来宾,laibin,E
luzhou,304,L,泸州,luzhou,E
liaoyuan,163,L,辽源,liaoyuan,E
lvliang,138,L,吕梁,lvliang,E
lps,322,L,六盘水,liupanshui,E
lj,334,L,丽江,lijiang,E
lw,229,L,莱芜,laiwu,E
luohe,242,L,漯河,luohe,E
liyang,450,L,溧阳,liyang,E
linhai,461,L,临海,linhai,E
lx,476,L,兰溪,lanxi,E
lk,492,L,龙口,longkou,E
leiyang,509,L,耒阳,leiyang,E
laizhou,529,L,莱州,laizhou,E
linan,542,L,临安,linan,E
laiyang,561,L,莱阳,laiyang,E
lufeng,567,L,陆丰,lufeng,E
liuyang,617,L,浏阳,liuyang,E
lianjiang,628,L,廉江,lianjiang,E
ld,274,L,娄底,loudi,E
liangshan,321,L,凉山,liangshan,E
luquanxian,1254,L,禄劝彝族苗族自治县,luquanxian,F
lincang,336,L,临沧,lincang,F
linquanxian,1247,L,临泉县,linquanxian,F
lingbao,596,L,灵宝,lingbao,F
lsj,606,L,冷水江,lengshuijiang,F
ll,611,L,乐陵,laoling,F
linxia,372,L,临夏,linxia,F
lh,618,L,龙海,longhai,F
liling,619,L,醴陵,liling,F
laixi,620,L,莱西,laixi,F
lechang,513,L,乐昌,lechang,F
lp,632,L,乐平,leping,F
langzhong,634,L,阆中,langzhong,F
luquan,652,L,鹿泉,luquan,F
lichuan,655,L,利川,lichuan,F
lhk,659,L,老河口,laohekou,F
linghai,670,L,凌海,linghai,F
luannan,674,L,滦南,luannan,F
lingshan,675,L,灵山,lingshan,F
lianzhou,683,L,连州,lianzhou,F
lingshui,688,L,陵水,lingshui,F
lingwushi,1281,L,灵武市,lingwushi,F
lianjiangxian,724,L,连江,lianjiangxian,F
linqu,739,L,临朐,linqu,F
laoting,744,L,乐亭,laoting,F
luanxian,745,L,滦州市,luanzhoushi,F
luancheng,766,L,栾城,luancheng,F
lushanls,786,L,鲁山,lushanls,F
lingshi,789,L,灵石,lingshi,F
linzhang,791,L,临漳,linzhang,F
lintong,808,L,临潼,lintong,F
lantian,809,L,蓝田,lantian,F
lq,537,L,临清,linqing,F
longchang,823,L,隆昌市,longchangshi,F
luyi,839,L,鹿邑,luyi,F
liuhe,868,L,柳河,liuhe,F
linyixian,889,L,临猗,linyixian,F
liangshanxian,896,L,梁山,liangshanxian,F
lijin,902,L,利津,lijin,F
linyily,905,L,临邑,linyily,F
longquan,912,L,龙泉,longquan,F
lingchuan,919,L,陵川,lingchuan,F
longyao,930,L,隆尧,longyao,F
leizhou,934,L,雷州,leizhou,F
luanchuan,935,L,栾川,luanchuan,F
longyou,938,L,龙游,longyou,F
lanling,939,L,兰陵,lanling,F
linshu,951,L,临沭,linshu,F
lianshui,976,L,涟水,lianshui,F
lixian,1010,L,澧县,lixian,F
liaozhong,1011,L,辽中,liaozhong,F
luopingxian,1034,L,罗平县,luopingxian,F
lianyuanshi,1037,L,涟源市,lianyuanshi,F
lujiangxian,1040,L,庐江县,lujiangxian,F
linying,1056,L,临颍,linying,F
lanshan,1060,L,蓝山,lanshan,F
longhui,1064,L,隆回,longhui,F
luxi,1073,L,芦溪,luxi,F
lushixian,1079,L,卢氏县,lushixian,F
longhuaxian,1083,L,隆化县,longhuaxian,F
luoningxian,1087,L,洛宁,luoningxian,F
lankaoxian,1110,L,兰考县,lankaoxian,F
linli,1119,L,临澧,linli,F
lixin,1121,L,利辛,lixin,F
lingqiuxian,1133,L,灵丘县,lingqiuxian,F
lufengxian,1138,L,禄丰县,lufengxian,F
lishuiqu,1143,L,溧水区,lishuiqu,F
luxian,1144,L,泸县,luxian,F
luochuanxian,1147,L,洛川县,luochuanxian,F
luodingshi,1163,L,罗定市,luodingshi,F
ledong,1171,L,乐东,ledong,F
liangping,1178,L,梁平,liangping,F
lingaoxian,1183,L,临高县,lingaoxian,F
luoyuanxian,1184,L,罗源县,luoyuanxian,F
luchuanxian,1225,L,陆川县,luchuanxian,F
linjiang,690,L,临江,linjiang,F
ln,371,L,陇南,longnan,Z
linzhi,351,L,林芝,linzhi,Z
my,306,M,绵阳,mianyang,C
mdj,175,M,牡丹江,mudanjiang,D
mas,194,M,马鞍山,maanshan,D
mm,279,M,茂名,maoming,D
mz,282,M,梅州,meizhou,E
ms,312,M,眉山,meishan,E
mzl,572,M,满洲里,manzhouli,F
mhk,584,M,梅河口,meihekou,F
ml,590,M,汨罗,miluo,F
mg,610,M,明光,mingguang,F
mc,668,M,麻城,macheng,F
mengzhou,694,M,孟州,mengzhou,F
mingshuixian,1222,M,明水县,mingshuixian,F
mishan,566,M,密山,mishan,F
muping,846,M,牟平,muping,F
meixian,848,M,眉县,meixian,F
minquan,860,M,民权,minquan,F
mianchi,872,M,渑池,mianchi,F
mianzhu,906,M,绵竹,mianzhu,F
mengyin,944,M,蒙阴,mengyin,F
mengzishi,1116,M,蒙自市,mengzishi,F
mengcheng,1122,M,蒙城,mengcheng,F
menglaxian,1210,M,勐腊县,menglaxian,F
miyixian,1216,M,米易县,miyixian,F
minhouxian,1219,M,闽侯县,minhouxian,F
mengjin,838,M,孟津,mengjin,F
mh,563,M,漠河,mohe,Z
mingwangxing,8000,M,冥王星,mingwangxing,Z
miaoli,713,M,苗栗,miaoli,Z
nj,55,N,南京,nanjing,A
nb,51,N,宁波,ningbo,B
nn,99,N,南宁,nanning,B
nc,83,N,南昌,nanchang,C
nt,82,N,南通,nantong,C
ny,244,N,南阳,nanyang,C
nd,212,N,宁德,ningde,D
nanchong,311,N,南充,nanchong,D
np,210,N,南平,nanping,E
scnj,309,N,内江,neijiang,E
nh,512,N,宁海,ninghai,E
na,621,N,南安,nanan,E
nanchuan,1264,N,南川,nanchuan,F
nx,520,N,宁乡,ningxiang,F
ns,547,N,南沙,nansha,F
ningyuanxian,1224,N,宁远县,ningyuanxian,F
nehe,682,N,讷河,nehe,F
nanxiong,687,N,南雄,nanxiong,F
nenjiangxian,1166,N,嫩江县,nenjiangxian,F
nanle,741,N,南乐,nanle,F
nanling,775,N,南陵,nanling,F
ningyang,779,N,宁阳,ningyang,F
ningguo,781,N,宁国,ningguo,F
ningjin,813,N,宁晋,ningjin,F
ningjinnj,820,N,宁津,ningjinnj,F
neiqiu,931,N,内丘,neiqiu,F
nangong,932,N,南宫,nangong,F
neihuang,979,N,内黄,neihuang,F
nanhe,1013,N,南和,nanhe,F
nanbuxian,1053,N,南部县,nanbuxian,F
nanpixian,1075,N,南皮县,nanpixian,F
ninglingxian,1112,N,宁陵,ninglingxian,F
nanzhengxian,1125,N,南郑区,nanzhengxian,F
ninglangyizuzizh,1161,N,宁蒗彝族自治县,ninglangyizuzizhixian,F
nq,349,N,那曲,naqu,Z
nujiang,343,N,怒江,nujiang,Z
nantou,711,N,南投,nantou,Z
pt,207,P,莆田,putian,C
pj,158,P,盘锦,panjin,D
pds,237,P,平顶山,pingdingshan,D
puyang,240,P,濮阳,puyang,D
panzhihua,303,P,攀枝花,panzhihua,E
pe,335,P,普洱,puer,E
pl,367,P,平凉,pingliang,E
pz,493,P,邳州,pizhou,E
px,214,P,萍乡,pingxiang,E
pn,546,P,普宁,puning,E
pd,582,P,平度,pingdu,E
pengzhou,585,P,彭州,pengzhou,E
penglai,587,P,蓬莱,penglai,E
pingyang,972,P,平阳,pingyang,E
peixian,833,P,沛县,peixian,E
ph,524,P,平湖,pinghu,E
pujiang,730,P,浦江,pujiang,F
panshi,761,P,磐石,panshi,F
pingyuan,777,P,平原,pingyuan,F
pulandian,1258,P,普兰店,pulandian,F
poyang,701,P,鄱阳,poyang,F
pucheng,837,P,蒲城,pucheng,F
panxian,842,P,盘州市,panzhoushi,F
pingjiang,847,P,平江,pingjiang,F
puyangxian,849,P,濮阳县,puyangxian,F
pingshan,893,P,平山,pingshan,F
pingquan,923,P,平泉市,pingquanshi,F
pingyi,950,P,平邑,pingyi,F
pingyu,960,P,平舆,pingyu,F
pengshuizizhixia,1232,P,彭水苗族土家族自治县,pengshuizizhixian,F
pingyao,987,P,平遥,pingyao,F
pingguo,991,P,平果,pingguo,F
pingluoxian,1106,P,平罗县,pingluoxian,F
pingyinxian,1156,P,平阴县,pingyinxian,F
pingluxian,1175,P,平陆县,pingluxian,F
pingchangxian,1214,P,平昌县,pingchangxian,F
pingnanxian,1226,P,平南县,pingnanxian,F
pingtan,805,P,平潭,pingtan,F
penghu,722,P,澎湖,penghu,Z
qd,60,Q,青岛,qingdao,B
qhd,122,Q,秦皇岛,qinhuangdao,C
qz,110,Q,泉州,quanzhou,C
qj,330,Q,曲靖,qujing,D
quzhou,189,Q,衢州,quzhou,D
qingyuan,286,Q,清远,qingyuan,D
qqhr,109,Q,齐齐哈尔,qiqihaer,D
qinzhou,294,Q,钦州,qinzhou,E
qth,174,Q,七台河,qitaihe,E
qingyang,369,Q,庆阳,qingyang,E
qa,430,Q,迁安,qianan,E
qingzhou,496,Q,青州,qingzhou,E
qidong,500,Q,启东,qidong,E
qianjiang,550,Q,潜江,qianjiang,E
qdn,328,Q,黔东南,qiandongnan,E
qxn,326,Q,黔西南,qianxinan,F
qishizhen,1276,Q,企石镇,qishizhen,F
qh,418,Q,琼海,qionghai,F
qy,644,Q,沁阳,qinyang,F
ql,647,Q,邛崃,qionglai,F
qihe,727,Q,齐河,qihe,F
qn,329,Q,黔南,qiannan,F
qixian,864,Q,淇县,qixian,F
quanjiao,865,Q,全椒,quanjiao,F
qixia,914,Q,栖霞,qixia,F
qingtian,922,Q,青田,qingtian,F
qinghe,929,Q,清河,qinghe,F
qingyun,998,Q,庆云,qingyun,F
qianshan,1004,Q,潜山,qianshan,F
qingxian,1020,Q,青县,qingxian,F
qidongxian,1089,Q,祁东县,qidongxian,F
qinganxian,1107,Q,庆安县,qinganxian,F
qixiankaifeng,1115,Q,杞县,qixiankaifeng,F
qinggangxian,1131,Q,青冈县,qinggangxian,F
qishanxian,1139,Q,岐山县,qishanxian,F
qiongzhong,1170,Q,琼中,qiongzhong,F
qingyangxian,1220,Q,青阳县,qingyangxian,F
qingzhen,1260,Q,清镇,qingzhen,F
qijiang,1265,Q,綦江,qijiang,F
qingxu,1266,Q,清徐,qingxu,F
qianxixian,1267,Q,迁西县,qianxixian,F
qingfeng,740,Q,清丰,qingfeng,F
rizhao,228,R,日照,rizhao,D
ruian,469,R,瑞安,ruian,E
rc,497,R,荣成,rongcheng,E
rs,499,R,乳山,rushan,E
rg,501,R,如皋,rugao,E
rz,616,R,汝州,ruzhou,E
rudong,988,R,如东,rudong,E
rh,475,R,仁怀,renhuai,F
rj,639,R,瑞金,ruijin,F
rongchangqu,1114,R,荣昌区,rongchangqu,F
renshou,749,R,仁寿,renshou,F
renqiu,917,R,任丘,renqiu,F
ruyang,966,R,汝阳,ruyang,F
ruili,1262,R,瑞丽,ruili,F
renxian,1012,R,任县,renxian,F
ruchengxian,1095,R,汝城县,ruchengxian,F
rongxian,1101,R,容县,rongxian,F
ruichang,657,R,瑞昌,ruichang,F
rkz,348,R,日喀则,rikaze,Z
sh,10,S,上海,shanghai,S
sz,30,S,深圳,shenzhen,A
sjz,76,S,石家庄,shijiazhuang,B
su,80,S,苏州,suzhou,B
sy,66,S,沈阳,shenyang,B
sanya,111,S,三亚,sanya,C
st,117,S,汕头,shantou,C
sx,187,S,绍兴,shaoxing,C
songyuan,166,S,松原,songyuan,D
sg,276,S,韶关,shaoguan,D
shaoyang,266,S,邵阳,shaoyang,D
suqian,184,S,宿迁,suqian,D
shiyan,251,S,十堰,shiyan,D
suzhousz,201,S,宿州,suzhousz,D
sd,406,S,顺德,shunde,D
sr,221,S,上饶,shangrao,D
sq,245,S,商丘,shangqiu,D
shz,408,S,石河子,shihezi,E
smx,243,S,三门峡,sanmenxia,E
suizhou,260,S,随州,suizhou,E
suihua,177,S,绥化,suihua,E
sys,171,S,双鸭山,shuangyashan,E
sw,283,S,汕尾,shanwei,E
suining,308,S,遂宁,suining,E
sl,360,S,商洛,shangluo,E
szs,383,S,石嘴山,shizuishan,E
sp,162,S,四平,siping,E
sm,208,S,三明,sanming,E
ss,440,S,石狮,shishi,E
shangyu,456,S,上虞,shangyu,E
shouguang,495,S,寿光,shouguang,E
shengzhou,530,S,嵊州,shengzhou,E
shuyang,531,S,沭阳,shuyang,E
sheyang,532,S,射阳,sheyang,E
sanhe,538,S,三河,sanhe,E
shuozhou,133,S,朔州,shuozhou,E
shucheng,982,S,舒城,shucheng,E
shaya,1251,S,沙雅,shaya,F
suiping,1250,S,遂平,suiping,F
shuangcheng,1249,S,双城,shuangcheng,F
shaoshan,569,S,韶山,shaoshan,F
shahe,613,S,沙河,shahe,F
sihui,633,S,四会,sihui,F
songzi,648,S,松滋,songzi,F
shulan,669,S,舒兰,shulan,F
shaodong,736,S,邵东,shaodong,F
suixian,755,S,睢县,suixian,F
siyang,760,S,泗阳,siyang,F
shawan,762,S,沙湾,shawan,F
shilinxian,1272,S,石林彝族自治县,shilinxian,F
shenmu,796,S,神木市,shenmushi,F
suizhong,797,S,绥中,suizhong,F
shanggao,804,S,上高,shanggao,F
shiquan,819,S,石泉,shiquan,F
sihong,824,S,泗洪,sihong,F
shanxian,830,S,单县,shanxian,F
shenqiu,840,S,沈丘,shenqiu,F
sanmen,845,S,三门,sanmen,F
suiningxian,875,S,睢宁,suiningxian,F
shangcai,886,S,上蔡,shangcai,F
suichang,895,S,遂昌,suichang,F
shidao,907,S,石岛,shidao,F
shifang,953,S,什邡,shifang,F
shanghang,955,S,上杭,shanghang,F
songxian,965,S,嵩县,songxian,F
songmingxian,1270,S,嵩明县,songmingxian,F
shehong,992,S,射洪,shehong,F
shanghe,1015,S,商河,shanghe,F
sishui,1017,S,泗水,sishui,F
sheqi,1022,S,社旗,sheqi,F
sixian,1024,S,泗县,sixian,F
shenzhoushi,1039,S,深州市,shenzhoushi,F
shanglinxian,1045,S,上林县,shanglinxian,F
shangshuixian,1055,S,商水县,shangshuixian,F
shuangfeng,1062,S,双峰,shuangfeng,F
suichuan,1067,S,遂川,suichuan,F
shangli,1071,S,上栗,shangli,F
shachexian,1077,S,莎车县,shachexian,F
suningxian,1081,S,肃宁县,suningxian,F
shangchengxian,1108,S,商城县,shangchengxian,F
sangzhi,1113,S,桑植,sangzhi,F
shimen,1118,S,石门,shimen,F
shanshanxian,1120,S,鄯善县,shanshanxian,F
suidexian,1155,S,绥德县,suidexian,F
shaxian,1158,S,沙县,shaxian,F
shenzexian,1176,S,深泽县,shenzexian,F
shizhu,1180,S,石柱,shizhu,F
shaowu,1189,S,邵武,shaowu,F
shouxian,1192,S,寿县,shouxian,F
santaixian,1211,S,三台县,santaixian,F
shandanxian,1228,S,山丹县,shandanxian,F
shanzhouqu,1236,S,陕州区,shanzhouqu,F
suiningxiansnx,1240,S,绥宁县,suiningxiansnx,F
shexian,768,S,涉县,shexian,F
sqs,488,S,三清山,sanqingshan,Z
snj,487,S,神农架,shennongjia,Z
sn,347,S,山南,shannan,Z
sanx,262,S,三峡,sanxia,Z
tj,40,T,天津,tianjin,A
ty,101,T,太原,taiyuan,B
taizhou,183,T,泰州,taizhou,C
tz,191,T,台州,taizhoutz,C
ts,121,T,唐山,tangshan,C
ta,226,T,泰安,taian,D
tx,425,T,桐乡,tongxiang,D
taicang,432,T,太仓,taicang,D
tianshui,364,T,天水,tianshui,E
tr,325,T,铜仁,tongrendiqu,E
th,164,T,通化,tonghua,E
tl,159,T,铁岭,tieling,E
tongling,196,T,铜陵,tongling,E
tongliao,143,T,通辽,tongliao,E
taishan,503,T,台山,taishan,E
taixing,518,T,泰兴,taixing,E
tengzhou,549,T,滕州,tengzhou,E
tm,578,T,天门,tianmen,E
tianchang,626,T,天长,tianchang,E
tc,352,T,铜川,tongchuan,E
taiwan,1191,T,台湾,taiwan,F
tunchangxian,1256,T,屯昌县,tunchangxian,F
tonglu,554,T,桐庐,tonglu,F
tonghexian,1235,T,通河县,tonghexian,F
tachengshi,1173,T,塔城市,tachengshi,F
tn,666,T,洮南,taonan,F
tongcheng,673,T,桐城,tongcheng,F
tongxinxian,1154,T,同心县,tongxinxian,F
tongjiangxian,1215,T,通江县,tongjiangxian,F
tanghe,1136,T,唐河,tanghe,F
tongyuxian,1135,T,通榆县,tongyuxian,F
taiqian,743,T,台前,taiqian,F
taihe,759,T,太和,taihe,F
tiantai,782,T,天台,tiantai,F
taigu,790,T,太谷,taigu,F
tengxian,812,T,藤县,tengxian,F
tangyin,817,T,汤阴,tangyin,F
tmtyq,879,T,土默特右旗,tumoteyouqi,F
tancheng,942,T,郯城,tancheng,F
tongliang,947,T,铜梁,tongliang,F
tongan,962,T,同安,tongan,F
taoyuanxian,1009,T,桃源,taoyuanxian,F
taihexian,1030,T,泰和县,taihexian,F
tonggu,1041,T,铜鼓,tonggu,F
tiandongxian,1044,T,田东县,tiandongxian,F
taikangxian,1054,T,太康县,taikangxian,F
tongxuxian,1111,T,通许县,tongxuxian,F
tonghaixian,1132,T,通海县,tonghaixian,F
taoyuan,714,T,桃园,taoyuan,Z
taidong,708,T,台东,taidong,Z
taizhong,705,T,台中,taizhong,Z
tengchong,482,T,腾冲,tengchong,Z
tb,401,T,台北,taibei,Z
tac,399,T,塔城,tacheng,Z
tlf,389,T,吐鲁番,tulufan,Z
tainan,706,T,台南,tainan,Z
wh,57,W,武汉,wuhan,A
wx,52,W,无锡,wuxi,B
wz,112,W,温州,wenzhou,B
wf,224,W,潍坊,weifang,C
weihai,227,W,威海,weihai,C
wuhu,102,W,芜湖,wuhu,C
xj,387,W,乌鲁木齐,wulumuqi,C
wn,355,W,渭南,weinan,D
wj,433,W,吴江,wujiang,D
wenling,457,W,温岭,wenling,D
wuhai,141,W,乌海,wuhai,E
wanzhou,428,W,万州,wanzhou,E
wuzhou,291,W,梧州,wuzhou,E
wuan,449,W,武安,wuan,E
wlcb,147,W,乌兰察布,wulanchabu,E
wd,498,W,文登,wendeng,E
wc,592,W,吴川,wuchuan,E
wafangdian,967,W,瓦房店,wafangdian,E
wuwei,365,W,武威,wuwei,E
wy,479,W,婺源,wuyuan,F
wugangshi,1223,W,武冈市,wugangshi,F
wuzhong,384,W,吴忠,wuzhong,F
wangkuixian,1217,W,望奎县,wangkuixian,F
wys,443,W,武夷山,wuyishan,F
wenchang,607,W,文昌,wenchang,F
wuxue,667,W,武穴,wuxue,F
wanning,680,W,万宁,wanning,F
wg,684,W,舞钢,wugang,F
wuding,1255,W,武定,wuding,F
wuzhi,697,W,武陟,wuzhi,F
wusu,747,W,乌苏,wusu,F
wuweiww,769,W,无为,wuweiww,F
wuhuxian,773,W,芜湖县,wuhuxian,F
weihui,826,W,卫辉,weihui,F
wltqq,850,W,乌拉特前旗,wltqq,F
weishan,897,W,微山,weishan,F
wenshang,898,W,汶上,wenshang,F
wucheng,904,W,武城,wucheng,F
weichang,926,W,围场,weichang,F
ws,339,W,文山,wenshan,F
wuyi,973,W,武义,wuyi,F
wuming,995,W,武鸣,wuming,F
weining,1006,W,威宁,weining,F
wuyang,1014,W,舞阳,wuyang,F
wuji,1019,W,无极,wuji,F
wanrong,1023,W,万荣,wanrong,F
wanzai,1025,W,万载,wanzai,F
weixian,1046,W,威县,weixian,F
wupingxian,1049,W,武平县,wupingxian,F
weishixian,1109,W,尉氏县,weishixian,F
wulongxian,1128,W,武隆县,wulongxian,F
wuchangshi,1187,W,五常市,wuchangshi,F
wangcangxian,1207,W,旺苍县,wangcangxian,F
wenxian,696,W,温县,wenxian,F
wuzhen,551,W,乌镇,wuzhen,Z
wds,486,W,武当山,wudangshan,Z
xa,42,X,西安,xian,A
xm,62,X,厦门,xiamen,B
xz,119,X,徐州,xuzhou,C
xf,253,X,襄阳,xiangyang,C
xiangtan,264,X,湘潭,xiangtan,D
xn,374,X,西宁,xining,D
xuancheng,206,X,宣城,xuancheng,D
xianyang,354,X,咸阳,xianyang,D
xc,241,X,许昌,xuchang,D
xy,246,X,信阳,xinyang,D
xt,124,X,邢台,xingtai,D
xiaogan,256,X,孝感,xiaogan,D
xx,103,X,新乡,xinxiang,D
xintai,523,X,新泰,xintai,E
xianning,259,X,咸宁,xianning,E
xinyu,215,X,新余,xinyu,E
xan,148,X,兴安盟,xinganmeng,E
xiantao,412,X,仙桃,xiantao,E
xh,517,X,兴化,xinghua,E
bn,340,X,西双版纳,xishuangbanna,E
xinji,543,X,辛集,xinji,E
xinyi,548,X,新沂,xinyi,E
xinzheng,555,X,新郑,xinzheng,E
xinmi,556,X,新密,xinmi,E
xinzhou,136,X,忻州,xinzhou,E
xinyixy,729,X,信宜,xinyixy,E
xiegangzhen,1277,X,谢岗镇,xiegangzhen,F
xiaoxian,1261,X,萧县,xiaoxian,F
xlgl,149,X,锡林郭勒,xilinguolemeng,F
xiangxi,275,X,湘西,xiangxi,F
xingyang,557,X,荥阳,xingyang,F
xixian,1248,X,息县,xixian,F
xingning,562,X,兴宁,xingning,F
xinmin,574,X,新民,xinmin,F
xiangcheng,580,X,项城,xiangcheng,F
xiaoyi,604,X,孝义,xiaoyi,F
xiangxiang,614,X,湘乡,xiangxiang,F
xingcheng,641,X,兴城,xingcheng,F
xp,661,X,兴平,xingping,F
xiangshan,692,X,象山,xiangshan,F
xw,695,X,修武,xiuwu,F
xiaochangxian,1244,X,孝昌县,xiaochangxian,F
xunyangxian,1213,X,旬阳县,xunyangxian,F
xiangyin,525,X,湘阴,xiangyin,F
xiangshui,534,X,响水,xiangshui,F
xinhua,734,X,新化,xinhua,F
xianju,764,X,仙居,xianju,F
xiangyuan,776,X,襄垣,xiangyuan,F
xuanwei,802,X,宣威,xuanwei,F
xiapu,810,X,霞浦,xiapu,F
xinan,818,X,新安,xinan,F
xinxiangxian,828,X,新乡县,xinxiangxian,F
xuyi,843,X,盱眙,xuyi,F
xuwen,853,X,徐闻,xuwen,F
xiayi,857,X,夏邑,xiayi,F
xunxian,863,X,浚县,xunxian,F
xixiang,870,X,西乡,xixiang,F
xiping,885,X,西平,xiping,F
xinle,892,X,新乐,xinle,F
xinchang,903,X,新昌,xinchang,F
xuecheng,920,X,薛城,xuecheng,F
xihua,936,X,西华,xihua,F
xishui,949,X,浠水,xishui,F
xianghe,957,X,香河,xianghe,F
xinfeng,959,X,信丰,xinfeng,F
xincai,961,X,新蔡,xincai,F
xupu,996,X,溆浦,xupu,F
xichuan,1021,X,淅川,xichuan,F
xingan,1026,X,新干,xingan,F
xingguoxian,1033,X,兴国县,xingguoxian,F
xintian,1036,X,新田,xintian,F
xunwuxian,1050,X,寻乌县,xunwuxian,F
xiangyunxian,1051,X,祥云县,xiangyunxian,F
xiangchengxian,1057,X,襄城县,xiangchengxian,F
xinning,1063,X,新宁,xinning,F
xianxian,1082,X,献县,xianxian,F
xinzhouqu,1123,X,新洲区,xinzhouqu,F
xiushantujiazumi,1129,X,秀山土家族苗族自治县,xiushantujiazumiaozuzizh,F
xinye,1137,X,新野,xinye,F
xianyouxian,1149,X,仙游县,xianyouxian,F
xinjinxian,1167,X,新津县,xinjinxian,F
xiajin,728,X,夏津,xiajin,F
xinzhushi,717,X,新竹市,xinzhushi,Z
xinbei,704,X,新北,xinbei,Z
xitang,560,X,西塘,xitang,Z
xgll,484,X,香格里拉,xianggelila,Z
yt,104,Y,烟台,yantai,C
yz,120,Y,扬州,yangzhou,C
yinchuan,382,Y,银川,yinchuan,C
yancheng,181,Y,盐城,yancheng,C
yy,267,Y,岳阳,yueyang,C
yc,252,Y,宜昌,yichang,C
yk,155,Y,营口,yingkou,D
yichun,219,Y,宜春,yichun,D
yj,285,Y,阳江,yangjiang,D
yuncheng,135,Y,运城,yuncheng,D
yb,313,Y,宜宾,yibin,D
yl,358,Y,榆林,yulinyl,D
yiyang,270,Y,益阳,yiyang,D
yiwu,405,Y,义乌,yiwu,D
yixing,454,Y,宜兴,yixing,D
yuyao,459,Y,余姚,yuyao,D
yueqing,470,Y,乐清,yueqing,D
yulin,296,Y,玉林,yulin,D
yongzhou,272,Y,永州,yongzhou,E
yongchuan,733,Y,永川,yongchuan,E
yf,289,Y,云浮,yunfu,E
yanzhou,453,Y,兖州,yanzhou,E
yingtan,216,Y,鹰潭,yingtan,E
yongkang,458,Y,永康,yongkang,E
yanbian,168,Y,延边,yanbian,E
yq,130,Y,阳泉,yangquan,E
yd,514,Y,英德,yingde,E
yizheng,522,Y,仪征,yizheng,E
yongcheng,577,Y,永城,yongcheng,E
yuzhou,609,Y,禹州,yuzhou,E
yn,622,Y,伊宁,yining,E
yanan,356,Y,延安,yanan,E
yx,331,Y,玉溪,yuxi,E
yichuan,516,Y,伊川,yichuan,F
yiliangxian,1218,Y,宜良县,yiliangxian,F
yanshi,528,Y,偃师,yanshi,F
yangzhong,559,Y,扬中,yangzhong,F
yutianxian,1273,Y,玉田县,yutianxian,F
yongji,597,Y,永济,yongji,F
yucheng,608,Y,禹城,yucheng,F
yuxian,1199,Y,盂县,yuxian,F
yangshuo,466,Y,阳朔,yangshuo,F
yicheng,625,Y,宜城,yicheng,F
yp,637,Y,原平,yuanping,F
yidu,656,Y,宜都,yidu,F
yongningxian,1282,Y,永宁县,yongningxian,F
yh,693,Y,玉环市,yuhuanshi,F
yongjiaxian,1198,Y,永嘉县,yongjiaxian,F
ya,316,Y,雅安,yaan,F
yongnian,763,Y,永年,yongnian,F
yangcheng,770,Y,阳城,yangcheng,F
yunyang,778,Y,云阳,yunyang,F
yexian,784,Y,叶县,yexian,F
yixian,803,Y,易县,yixian,F
yiyangyy,814,Y,宜阳,yiyangyy,F
yanliang,822,Y,阎良,yanliang,F
yuanyang,829,Y,原阳,yuanyang,F
yuchengxian,859,Y,虞城,yuchengxian,F
yushan,876,Y,玉山,yushan,F
yanggu,878,Y,阳谷,yanggu,F
yunchengxian,884,Y,郓城,yunchengxian,F
yjhlq,901,Y,伊金霍洛旗,yijinhuoluoqi,F
yangling,908,Y,杨凌,yangling,F
yishui,940,Y,沂水,yishui,F
yinan,943,Y,沂南,yinan,F
yudu,958,Y,于都,yudu,F
yifeng,1027,Y,宜丰,yifeng,F
yingshanxian,1043,Y,营山县,yingshanxian,F
yongan,1047,Y,永安,yongan,F
yanling,1058,Y,鄢陵,yanling,F
yongfeng,1069,Y,永丰,yongfeng,F
yongxin,1072,Y,永新,yongxin,F
yongxingxian,1094,Y,永兴县,yongxingxian,F
youxian,1096,Y,攸县,youxian,F
yongshunxian,1099,Y,永顺县,yongshunxian,F
yuminxian,1117,Y,裕民县,yuminxian,F
youyangtujiazumi,1127,Y,酉阳土家族苗族自治县,youyangtujiazumiaozuzizh,F
yingxian,1151,Y,应县,yingxian,F
yangshanxian,1159,Y,阳山县,yangshanxian,F
yushushi,1160,Y,榆树市,yushushi,F
yuanlingxian,1162,Y,沅陵县,yuanlingxian,F
yongdengxian,1169,Y,永登县,yongdengxian,F
yutaixian,1181,Y,鱼台县,yutaixian,F
yizhoushi,1182,Y,宜州区,yizhouqu,F
yimashi,1186,Y,义马市,yimashi,F
yuanjiang,658,Y,沅江,yuanjiang,F
yilan,709,Y,宜兰,yilan,Z
yili,398,Y,伊犁,yili,Z
ys,380,Y,玉树,yushu,Z
yich,172,Y,伊春,yichunyc,Z
zz,73,Z,郑州,zhengzhou,B
zb,81,Z,淄博,zibo,C
zs,113,Z,中山,zhongshan,C
zhanjiang,278,Z,湛江,zhanjiang,C
zj,182,Z,镇江,zhenjiang,C
zhuzhou,263,Z,株洲,zhuzhou,C
zh,108,Z,珠海,zhuhai,C
zaozhuang,222,Z,枣庄,zaozhuang,D
zhangzhou,209,Z,漳州,zhangzhou,D
zmd,248,Z,驻马店,zhumadian,D
zhoushan,190,Z,舟山,zhoushan,D
zjk,125,Z,张家口,zhangjiakou,D
zq,280,Z,肇庆,zhaoqing,D
zunyi,323,Z,遵义,zunyi,D
zjg,419,Z,张家港,zhangjiagang,D
zhuji,468,Z,诸暨,zhuji,D
zk,247,Z,周口,zhoukou,D
zhucheng,526,Z,诸城,zhucheng,E
zt,333,Z,昭通,zhaotong,E
zhangye,366,Z,张掖,zhangye,E
zoucheng,834,Z,邹城,zoucheng,E
zjj,269,Z,张家界,zhangjiajie,E
zhuozhou,426,Z,涿州,zhuozhou,E
zhangqiu,465,Z,章丘区,zhangqiuqu,E
zg,302,Z,自贡,zigong,E
zaoyang,494,Z,枣阳,zaoyang,E
zunhua,591,Z,遵化,zunhua,E
zy,318,Z,资阳,ziyang,E
zhuanghe,558,Z,庄河,zhuanghe,E
zhaoyuan,586,Z,招远,zhaoyuan,E
zhungeerqi,891,Z,准格尔旗,zhungeerqi,F
zp,508,Z,邹平,zouping,F
zhenxiongxian,1246,Z,镇雄县,zhenxiongxian,F
zhijiang,654,Z,枝江,zhijiang,F
zhangpu,663,Z,漳浦,zhangpu,F
zhangshu,671,Z,樟树,zhangshu,F
zhongjiangxian,1200,Z,中江县,zhongjiangxian,F
zhengding,757,Z,正定,zhengding,F
zhongmou,821,Z,中牟,zhongmou,F
zw,386,Z,中卫,zhongwei,F
zhaoxian,841,Z,赵县,zhaoxian,F
zhecheng,858,Z,柘城,zhecheng,F
zx,612,Z,钟祥,zhongxiang,F
zhouzhi,985,Z,周至,zhouzhi,F
zhijiangtongzu,997,Z,芷江,zhijiangtongzu,F
zhijin,1007,Z,织金,zhijin,F
zhangping,1048,Z,漳平,zhangping,F
zixingshi,1093,Z,资兴市,zixingshi,F
zhalantunshi,1140,Z,扎兰屯市,zhalantunshi,F
zhongxian,1179,Z,忠县,zhongxian,F
zherong,1196,Z,柘荣,zherong,F
zhongningxian,1259,Z,中宁县,zhongningxian,F
zhanghua,721,Z,彰化,zhanghua,Z
zhouzhuang,615,Z,周庄,zhouzhuang,Z
